48,52.9,Learn programming
63,89.0,Java: The Ultimate Beginners Guide to Java Programming
43,77.6,Algorithms Illuminated: Part 1: The Basics
59,94.1,BTECH PC03 FTDI Genuine USB Programming Cable for BTECH
74,94.7,Su:m37?? Secret Programming Mask (8EA) [Korean Import]
30,34.8,Algorithm Explained
5,39.5,Python Crash Course: A Hands-On
47,35.1,Python Programming: An Introduction to Computer Science
28,51.8,Python: 3 Manuscripts in 1 book: - Python Programming For Beginners - Python Programming For Intermediates - Python Programming for Advanced
75,83.5,Mastering Python: Machine Learning
70,38.3,The C++ Programming Language (hardcover) (4th Edition)
79,81.7,Laptop Stickers Pack for Developer [50PCS] Programming Stickers of Front-end dev
57,44.2,The C Programming Language
52,78.5,Programming Pearls (2nd Edition)
58,15.7,Yaesu VX-6R USB PC Cable & Programming Software
19,14.9,Excel VBA Programming: A Step-by-Step Tutorial for Beginners to Learn Excel VBA Programming from Scratch and Intermediate Lessons for Professional Advancement
26,50.0,Programming Languages
76,72.2,Java for Beginners: An Introduction to Learn Java Programming with Tutorials and Hands-On Examples
10,90.8,Programming for Beginners: 10 Books in 1- 5 Books of Linux programming+ 5 Books of Excel programming
9,12.3,The Complete Software Developer's Career Guide: How to Learn Programming Languages Quickly
